HO_List,,,,,,,,,,,,
7,8,10,11,12,16,17,18,19,20,21,22,23
Band List,Band Support,Subgroup,Priority,,,,,,,,,
NI,,1,1,,,,,,,,,
NI-M,,1,1000,,,,,,,,,
BA,,2,1,,,,,,,,,
WiFi,,3,1000,,,,,,,,,
G1900,,4,1,,,,,,,,,
G1800,,4,2,,,,,,,,,
G900,,4,3,,,,,,,,,
G850,,4,4,,,,,,,,,
G850-G1900,,5,1,,,,,,,,,
G900-G1800,,5,2,,,,,,,,,
U02,,6,1,,,,,,,,,
U01,,6,2,,,,,,,,,
U05,,6,3,,,,,,,,,
U04,,6,4,,,,,,,,,
U08,,6,5,,,,,,,,,
U06,,6,6,,,,,,,,,
U03,,6,1000,,,,,,,,,
U09,,6,1000,,,,,,,,,
U19,,6,1000,,,,,,,,,
U02-U05,,7,1,,,,,,,,,
U02-U04,,7,2,,,,,,,,,
U02-U01,,7,3,,,,,,,,,
U04-U02,,7,4,,,,,,,,,
U04-U05,,7,5,,,,,,,,,
U05-U02,,7,6,,,,,,,,,
U05-U04,,7,7,,,,,,,,,
U05-U01,,7,8,,,,,,,,,
U01-U02,,7,9,,,,,,,,,
U01-U05,,7,10,,,,,,,,,
U01-U08,,7,11,,,,,,,,,
U01-U06,,7,12,,,,,,,,,
U01-U04,,7,13,,,,,,,,,
U04-U01,,7,14,,,,,,,,,
U01-U03,,7,1000,,,,,,,,,
U01-U09,,7,1000,,,,,,,,,
U03-U08,,7,1000,,,,,,,,,
U01-G1900-U01,,8,1,,,,,,,,,
U01-G850-U01,,8,2,,,,,,,,,
U02-G900-U02,,8,3,,,,,,,,,
U02-G900-U05,,8,4,,,,,,,,,
U02-G1800-U02,,8,5,,,,,,,,,
U02-G1800-U05,,8,6,,,,,,,,,
U04-G900-U04,,8,7,,,,,,,,,
U04-G1800-U04,,8,8,,,,,,,,,
U05-G900-U05,,8,9,,,,,,,,,
U05-G1800-U05,,8,10,,,,,,,,,
U02-G900,,8,11,,,,,,,,,
U02-G1900,,8,12,,,,,,,,,
U02-G850,,8,13,,,,,,,,,
U01-G1800,,8,14,,,,,,,,,
U01-G900,,8,15,,,,,,,,,
U05-G1900,,8,16,,,,,,,,,
U05-G850,,8,17,,,,,,,,,
U04-G1900,,8,18,,,,,,,,,
U04-G850,,8,19,,,,,,,,,
U08-G1800,,8,20,,,,,,,,,
U08-G900,,8,21,,,,,,,,,
U02-G900-U04,,8,22,,,,,,,,,
U02-G1800-U04,,8,23,,,,,,,,,
U05-G900-U04,,8,24,,,,,,,,,
U05-G1800-U04,,8,25,,,,,,,,,
U03-G900,,8,1000,,,,,,,,,
U03-G1800,,8,1000,,,,,,,,,
UA,,9,1,,,,,,,,,
UF,,9,2,,,,,,,,,
UE,,9,1000,,,,,,,,,
UA-UF,,10,1,,,,,,,,,
UF-UA,,10,2,,,,,,,,,
UA-UE,,10,1000,,,,,,,,,
UE-UA,,10,1000,,,,,,,,,
UE-UF,,10,1000,,,,,,,,,
UF-UE,,10,1000,,,,,,,,,
UA-G900,,11,1,,,,,,,,,
UF-G900,,11,2,,,,,,,,,
UA-G1800,,11,3,,,,,,,,,
UF-G1800,,11,4,,,,,,,,,
UE-G900,,11,1000,,,,,,,,,
UE-G1800,,11,1000,,,,,,,,,
DB_I-VIII,,12,1000,,,,,,,,,
DB_I-3-VIII-1,,12,1000,,,,,,,,,
DB_I-2-VIII-2,,12,1000,,,,,,,,,
DB_I-2-VIII-1,,12,1000,,,,,,,,,
DB_I-1-VIII-2,,12,1000,,,,,,,,,
SB_I-3,,12,1000,,,,,,,,,
C00,,13,1000,,,,,,,,,
C01,,13,1000,,,,,,,,,
C04,,13,1000,,,,,,,,,
C06,,13,1000,,,,,,,,,
C10,,13,1000,,,,,,,,,
C15,,13,1000,,,,,,,,,
E04,,14,1,,,,,,,,,
E17,,14,2,,,,,,,,,
E07,,14,3,,,,,,,,,
E03,,14,4,,,,,,,,,
E05,,14,5,,,,,,,,,
E13,,14,6,,,,,,,,,
E12,,14,7,,,,,,,,,
E02,,14,8,,,,,,,,,
E25,,14,9,,,,,,,,,
E01,,14,10,,,,,,,,,
E30,,14,11,,,,,,,,,
E66,,14,12,,,,,,,,,
E20,,14,13,,,,,,,,,
E19,,14,14,,,,,,,,,
E08,,14,15,,,,,,,,,
E18,,14,16,,,,,,,,,
E26,,14,17,,,,,,,,,
E28,,14,18,,,,,,,,,
E29,,14,19,,,,,,,,,
E09,,14,20,,,,,,,,,
E71,,14,21,,,,,,,,,
E11,,14,1000,,,,,,,,,
E14,,14,1000,,,,,,,,,
E21,,14,1000,,,,,,,,,
E24,,14,1000,,,,,,,,,
E27,,14,1000,,,,,,,,,
E31,,14,1000,,,,,,,,,
E32,,14,1000,,,,,,,,,
E01M,,14,1000,,,,,,,,,
E02M,,14,1000,,,,,,,,,
E03M,,14,1000,,,,,,,,,
E04M,,14,1000,,,,,,,,,
E05M,,14,1000,,,,,,,,,
E07M,,14,1000,,,,,,,,,
E08M,,14,1000,,,,,,,,,
E09M,,14,1000,,,,,,,,,
E11M,,14,1000,,,,,,,,,
E12M,,14,1000,,,,,,,,,
E13M,,14,1000,,,,,,,,,
E14M,,14,1000,,,,,,,,,
E17M,,14,1000,,,,,,,,,
E18M,,14,1000,,,,,,,,,
E19M,,14,1000,,,,,,,,,
E20M,,14,1000,,,,,,,,,
E21M,,14,1000,,,,,,,,,
E24M,,14,1000,,,,,,,,,
E25M,,14,1000,,,,,,,,,
E26M,,14,1000,,,,,,,,,
E27M,,14,1000,,,,,,,,,
E28M,,14,1000,,,,,,,,,
E29M,,14,1000,,,,,,,,,
E30M,,14,1000,,,,,,,,,
E31M,,14,1000,,,,,,,,,
E32M,,14,1000,,,,,,,,,
E66M,,14,1000,,,,,,,,,
E41,,15,1,,,,,,,,,
E39,,15,2,,,,,,,,,
E40,,15,3,,,,,,,,,
E38,,15,4,,,,,,,,,
E34,,15,5,,,,,,,,,
E46,,15,6,,,,,,,,,
E48,,15,7,,,,,,,,,
E49,,15,8,,,,,,,,,
E42,,15,1000,,,,,,,,,
E41HP,,15,1000,,,,,,,,,
E34M,,15,1000,,,,,,,,,
E38M,,15,1000,,,,,,,,,
E39M,,15,1000,,,,,,,,,
E40M,,15,1000,,,,,,,,,
E41M,,15,1000,,,,,,,,,
E42M,,15,1000,,,,,,,,,
E04-E17,,16,1,,,,,,,,,
E01-E05,,16,2,,,,,,,,,
E01-E18,,16,3,,,,,,,,,
E01-E19,,16,4,,,,,,,,,
E01-E26,,16,5,,,,,,,,,
E02-E05,,16,6,,,,,,,,,
E03-E05,,16,7,,,,,,,,,
E03-E08,,16,8,,,,,,,,,
E03-E20,,16,9,,,,,,,,,
E05-E01,,16,10,,,,,,,,,
E05-E03,,16,11,,,,,,,,,
E08-E03,,16,12,,,,,,,,,
E18-E01,,16,13,,,,,,,,,
E19-E01,,16,14,,,,,,,,,
E20-E03,,16,15,,,,,,,,,
E25-E26,,16,16,,,,,,,,,
E26-E01,,16,17,,,,,,,,,
E26-E25,,16,18,,,,,,,,,
E03-E07,,16,19,,,,,,,,,
E07-E02,,16,20,,,,,,,,,
E07-E03,,16,21,,,,,,,,,
E07-E05,,16,22,,,,,,,,,
E07-E20,,16,23,,,,,,,,,
E20-E07,,16,24,,,,,,,,,
E04-E02,,16,25,,,,,,,,,
E04-E05,,16,26,,,,,,,,,
E04-E07,,16,27,,,,,,,,,
E04-E12,,16,28,,,,,,,,,
E04-E13,,16,29,,,,,,,,,
E12-E02,,16,30,,,,,,,,,
E12-E04,,16,31,,,,,,,,,
E12-E05,,16,32,,,,,,,,,
E12-E13,,16,33,,,,,,,,,
E12-E17,,16,34,,,,,,,,,
E13-E04,,16,35,,,,,,,,,
E13-E07,,16,36,,,,,,,,,
E13-E12,,16,37,,,,,,,,,
E17-E02,,16,38,,,,,,,,,
E17-E04,,16,39,,,,,,,,,
E17-E05,,16,40,,,,,,,,,
E01-E28,,16,41,,,,,,,,,
E19-E28,,16,42,,,,,,,,,
E26-E28,,16,43,,,,,,,,,
E28-E01,,16,44,,,,,,,,,
E28-E19,,16,45,,,,,,,,,
E30-E02,,16,46,,,,,,,,,
E30-E04,,16,47,,,,,,,,,
E30-E05,,16,48,,,,,,,,,
E30-E12,,16,49,,,,,,,,,
E30-E17,,16,50,,,,,,,,,
E01-E03,,16,51,,,,,,,,,
E01-E07,,16,52,,,,,,,,,
E01-E08,,16,53,,,,,,,,,
E03-E01,,16,54,,,,,,,,,
E05-E02,,16,55,,,,,,,,,
E05-E07,,16,56,,,,,,,,,
E07-E01,,16,57,,,,,,,,,
E08-E01,,16,58,,,,,,,,,
E28-E26,,16,59,,,,,,,,,
E12-E66,,16,60,,,,,,,,,
E13-E66,,16,61,,,,,,,,,
E66-E12,,16,62,,,,,,,,,
E66-E13,,16,63,,,,,,,,,
E01-E11,,16,1000,,,,,,,,,
E01-E21,,16,1000,,,,,,,,,
E04-E14,,16,1000,,,,,,,,,
E07-E31,,16,1000,,,,,,,,,
E11-E01,,16,1000,,,,,,,,,
E11-E18,,16,1000,,,,,,,,,
E12-E14,,16,1000,,,,,,,,,
E13-E14,,16,1000,,,,,,,,,
E14-E04,,16,1000,,,,,,,,,
E14-E12,,16,1000,,,,,,,,,
E14-E13,,16,1000,,,,,,,,,
E14-E66,,16,1000,,,,,,,,,
E18-E11,,16,1000,,,,,,,,,
E18-E42,,16,1000,,,,,,,,,
E19-E21,,16,1000,,,,,,,,,
E19-E42,,16,1000,,,,,,,,,
E21-E01,,16,1000,,,,,,,,,
E21-E19,,16,1000,,,,,,,,,
E21-E28,,16,1000,,,,,,,,,
E28-E21,,16,1000,,,,,,,,,
E31-E07,,16,1000,,,,,,,,,
E66-E14,,16,1000,,,,,,,,,
E04-U02,,17,1,,,,,,,,,
E03-U01,,17,2,,,,,,,,,
E17-U02,,17,3,,,,,,,,,
E01-U01,,17,4,,,,,,,,,
E20-U01,,17,5,,,,,,,,,
E04-U04,,17,6,,,,,,,,,
E04-U05,,17,7,,,,,,,,,
E17-U04,,17,8,,,,,,,,,
E17-U05,,17,9,,,,,,,,,
E02-U05,,17,10,,,,,,,,,
E07-U02,,17,11,,,,,,,,,
E07-U05,,17,12,,,,,,,,,
E07-U01,,17,13,,,,,,,,,
E07-U08,,17,14,,,,,,,,,
E01-U06,,17,15,,,,,,,,,
E01-U08,,17,16,,,,,,,,,
E03-U08,,17,17,,,,,,,,,
E08-U01,,17,18,,,,,,,,,
E19-U01,,17,19,,,,,,,,,
E19-U06,,17,20,,,,,,,,,
E02-U02,,17,21,,,,,,,,,
E05-U02,,17,22,,,,,,,,,
E05-U05,,17,23,,,,,,,,,
E05-U01,,17,24,,,,,,,,,
E05-U08,,17,25,,,,,,,,,
E12-U02,,17,26,,,,,,,,,
E12-U04,,17,27,,,,,,,,,
E12-U05,,17,28,,,,,,,,,
E13-U02,,17,29,,,,,,,,,
E13-U04,,17,30,,,,,,,,,
E13-U05,,17,31,,,,,,,,,
E30-U02,,17,32,,,,,,,,,
E30-U04,,17,33,,,,,,,,,
E30-U05,,17,34,,,,,,,,,
E08-U08,,17,35,,,,,,,,,
E20-U08,,17,36,,,,,,,,,
E28-U01,,17,37,,,,,,,,,
E04-G1900,,17,100,,,,,,,,,
E17-G1900,,17,101,,,,,,,,,
E03-G900,,17,102,,,,,,,,,
E20-G900,,17,103,,,,,,,,,
E04-G850,,17,104,,,,,,,,,
E17-G850,,17,105,,,,,,,,,
E07-G1900,,17,106,,,,,,,,,
E07-G850,,17,107,,,,,,,,,
E07-G1800,,17,108,,,,,,,,,
E07-G900,,17,109,,,,,,,,,
E01-G900,,17,110,,,,,,,,,
E19-G900,,17,111,,,,,,,,,
E03-G1800,,17,112,,,,,,,,,
E20-G1800,,17,113,,,,,,,,,
E28-G900,,17,114,,,,,,,,,
E08-G1800,,17,115,,,,,,,,,
E01-C00,,17,1000,,,,,,,,,
E01-C04,,17,1000,,,,,,,,,
E01-C06,,17,1000,,,,,,,,,
E01-U09,,17,1000,,,,,,,,,
E01-U19,,17,1000,,,,,,,,,
E02-C00,,17,1000,,,,,,,,,
E02-C01,,17,1000,,,,,,,,,
E02-C15,,17,1000,,,,,,,,,
E03-C00,,17,1000,,,,,,,,,
E03-U19,,17,1000,,,,,,,,,
E04-C00,,17,1000,,,,,,,,,
E04-C01,,17,1000,,,,,,,,,
E05-C00,,17,1000,,,,,,,,,
E05-C01,,17,1000,,,,,,,,,
E05-C04,,17,1000,,,,,,,,,
E05-C15,,17,1000,,,,,,,,,
E07-C00,,17,1000,,,,,,,,,
E11-C00,,17,1000,,,,,,,,,
E11-C06,,17,1000,,,,,,,,,
E12-C00,,17,1000,,,,,,,,,
E12-C01,,17,1000,,,,,,,,,
E12-C15,,17,1000,,,,,,,,,
E13-C00,,17,1000,,,,,,,,,
E13-C01,,17,1000,,,,,,,,,
E14-C00,,17,1000,,,,,,,,,
E14-C01,,17,1000,,,,,,,,,
E18-C00,,17,1000,,,,,,,,,
E18-C06,,17,1000,,,,,,,,,
E19-U09,,17,1000,,,,,,,,,
E19-U19,,17,1000,,,,,,,,,
E21-G900,,17,1000,,,,,,,,,
E21-U01,,17,1000,,,,,,,,,
E21-U06,,17,1000,,,,,,,,,
E21-U09,,17,1000,,,,,,,,,
E21-U19,,17,1000,,,,,,,,,
E25-C01,,17,1000,,,,,,,,,
E25-C10,,17,1000,,,,,,,,,
E26-C01,,17,1000,,,,,,,,,
E26-C10,,17,1000,,,,,,,,,
E27-U01,,17,1000,,,,,,,,,
E28-U19,,17,1000,,,,,,,,,
E31-G1800,,17,1000,,,,,,,,,
E31-G1900,,17,1000,,,,,,,,,
E31-G850,,17,1000,,,,,,,,,
E31-G900,,17,1000,,,,,,,,,
E31-U01,,17,1000,,,,,,,,,
E31-U05,,17,1000,,,,,,,,,
E66-C00,,17,1000,,,,,,,,,
E01M-U01,,17,1000,,,,,,,,,
E01M-U06,,17,1000,,,,,,,,,
E01M-U08,,17,1000,,,,,,,,,
E01M-U19,,17,1000,,,,,,,,,
E03M-G1800,,17,1000,,,,,,,,,
E03M-G900,,17,1000,,,,,,,,,
E03M-U01,,17,1000,,,,,,,,,
E03M-U08,,17,1000,,,,,,,,,
E03M-U19,,17,1000,,,,,,,,,
E05M-U01,,17,1000,,,,,,,,,
E05M-U08,,17,1000,,,,,,,,,
E07M-G1800,,17,1000,,,,,,,,,
E07M-G1900,,17,1000,,,,,,,,,
E07M-G850,,17,1000,,,,,,,,,
E07M-G900,,17,1000,,,,,,,,,
E07M-U01,,17,1000,,,,,,,,,
E07M-U02,,17,1000,,,,,,,,,
E07M-U05,,17,1000,,,,,,,,,
E07M-U08,,17,1000,,,,,,,,,
E08M-U01,,17,1000,,,,,,,,,
E08M-U08,,17,1000,,,,,,,,,
E20M-G1800,,17,1000,,,,,,,,,
E20M-G900,,17,1000,,,,,,,,,
E20M-U01,,17,1000,,,,,,,,,
E20M-U08,,17,1000,,,,,,,,,
E28M-U01,,17,1000,,,,,,,,,
E28M-U19,,17,1000,,,,,,,,,
E41-E39,,18,1,,,,,,,,,
E41-E40,,18,2,,,,,,,,,
E39-E41,,18,3,,,,,,,,,
E40-E41,,18,4,,,,,,,,,
E39-E40,,18,5,,,,,,,,,
E40-E39,,18,6,,,,,,,,,
E38-E39,,18,7,,,,,,,,,
E39-E38,,18,8,,,,,,,,,
E38-E40,,18,9,,,,,,,,,
E40-E38,,18,10,,,,,,,,,
E34-E38,,18,11,,,,,,,,,
E34-E39,,18,12,,,,,,,,,
E34-E40,,18,13,,,,,,,,,
E34-E41,,18,14,,,,,,,,,
E38-E34,,18,15,,,,,,,,,
E39-E34,,18,16,,,,,,,,,
E40-E34,,18,17,,,,,,,,,
E41-E34,,18,18,,,,,,,,,
E41-E42,,18,1000,,,,,,,,,
E42-E41,,18,1000,,,,,,,,,
E41-UA,,19,1,,,,,,,,,
E39-UA,,19,2,,,,,,,,,
E40-UA,,19,3,,,,,,,,,
E38-UA,,19,4,,,,,,,,,
E34-UA,,19,5,,,,,,,,,
E41-UF,,19,6,,,,,,,,,
E39-UF,,19,7,,,,,,,,,
E40-UF,,19,8,,,,,,,,,
E38-UF,,19,9,,,,,,,,,
E34-UF,,19,10,,,,,,,,,
E41-U01,,19,100,,,,,,,,,
E41-U08,,19,101,,,,,,,,,
E40-U01,,19,102,,,,,,,,,
E40-U08,,19,103,,,,,,,,,
E38-U01,,19,104,,,,,,,,,
E39-U01,,19,105,,,,,,,,,
E34-U01,,19,106,,,,,,,,,
E34-U08,,19,107,,,,,,,,,
E41-G900,,19,200,,,,,,,,,
E39-G900,,19,201,,,,,,,,,
E40-G900,,19,202,,,,,,,,,
E38-G900,,19,203,,,,,,,,,
E34-G900,,19,204,,,,,,,,,
E41-G1800,,19,205,,,,,,,,,
E39-G1800,,19,206,,,,,,,,,
E40-G1800,,19,207,,,,,,,,,
E38-G1800,,19,208,,,,,,,,,
E34-G1800,,19,209,,,,,,,,,
E34-UE,,19,1000,,,,,,,,,
E38-UE,,19,1000,,,,,,,,,
E39-UE,,19,1000,,,,,,,,,
E40-UE,,19,1000,,,,,,,,,
E41-UE,,19,1000,,,,,,,,,
E42-UA,,19,1000,,,,,,,,,
E42-UE,,19,1000,,,,,,,,,
E42-UF,,19,1000,,,,,,,,,
E41-C00,,19,1000,,,,,,,,,
E42-G1800,,19,1000,,,,,,,,,
E42-G900,,19,1000,,,,,,,,,
E42-U01,,19,1000,,,,,,,,,
E41M-G1800,,19,1000,,,,,,,,,
E41M-G900,,19,1000,,,,,,,,,
E41M-U01,,19,1000,,,,,,,,,
E41M-U08,,19,1000,,,,,,,,,
E25-E41,,20,1,,,,,,,,,
E07-E40,,20,2,,,,,,,,,
E03-E41,,20,3,,,,,,,,,
E03-E40,,20,4,,,,,,,,,
E01-E41,,20,5,,,,,,,,,
E26-E41,,20,6,,,,,,,,,
E28-E41,,20,7,,,,,,,,,
E05-E41,,20,8,,,,,,,,,
E08-E40,,20,9,,,,,,,,,
E08-E41,,20,10,,,,,,,,,
E01-E42,,20,1000,,,,,,,,,
E03-E42,,20,1000,,,,,,,,,
E18-E42,,20,1000,,,,,,,,,
E19-E42,,20,1000,,,,,,,,,
E21-E42,,20,1000,,,,,,,,,
E26-E42,,20,1000,,,,,,,,,
E28-E42,,20,1000,,,,,,,,,
E41-E25,,21,1,,,,,,,,,
E40-E07,,21,2,,,,,,,,,
E41-E03,,21,3,,,,,,,,,
E40-E03,,21,4,,,,,,,,,
E41-E01,,21,5,,,,,,,,,
E41-E26,,21,6,,,,,,,,,
E41-E28,,21,7,,,,,,,,,
E41-E05,,21,8,,,,,,,,,
E40-E08,,21,9,,,,,,,,,
E41-E08,,21,10,,,,,,,,,
E42-E01,,21,1000,,,,,,,,,
E42-E03,,21,1000,,,,,,,,,
E42-E18,,21,1000,,,,,,,,,
E42-E19,,21,1000,,,,,,,,,
E42-E21,,21,1000,,,,,,,,,
E42-E26,,21,1000,,,,,,,,,
E42-E28,,21,1000,,,,,,,,,
E04-U02-G1900,,22,1,,,,,,,,,
E17-U02-G1900,,22,2,,,,,,,,,
E12-U02-G1900,,22,3,,,,,,,,,
E03-U01-G900,,22,4,,,,,,,,,
E07-U01-G900,,22,5,,,,,,,,,
E20-U01-G900,,22,6,,,,,,,,,
E31-U01-G900,,22,1000,,,,,,,,,
E41-UA-G900,,23,1,,,,,,,,,
E39-UA-G900,,23,2,,,,,,,,,
E40-UA-G900,,23,3,,,,,,,,,
E38-UA-G900,,23,4,,,,,,,,,
CA_4A-17A,,24,1,,,,,,,,,
CA_1A-5A,,24,2,,,,,,,,,
CA_1A-7A,,24,3,,,,,,,,,
CA_1A-8A,,24,4,,,,,,,,,
CA_1A-18A,,24,5,,,,,,,,,
CA_1A-19A,,24,6,,,,,,,,,
CA_1A-26A,,24,7,,,,,,,,,
CA_2A-4A,,24,8,,,,,,,,,
CA_2A-5A,,24,9,,,,,,,,,
CA_2A-12A,,24,10,,,,,,,,,
CA_2A-13A,,24,11,,,,,,,,,
CA_2A-17A,,24,12,,,,,,,,,
CA_2A-29A,,24,13,,,,,,,,,
CA_2A-30A,,24,14,,,,,,,,,
CA_3A-5A,,24,15,,,,,,,,,
CA_3A-7A,,24,16,,,,,,,,,
CA_3A-8A,,24,18,,,,,,,,,
CA_3A-19A,,24,18,,,,,,,,,
CA_3A-20A,,24,19,,,,,,,,,
CA_3A-26A,,24,20,,,,,,,,,
CA_4A-5A,,24,21,,,,,,,,,
CA_4A-7A,,24,22,,,,,,,,,
CA_4A-12A,,24,23,,,,,,,,,
CA_4A-13A,,24,24,,,,,,,,,
CA_4A-29A,,24,25,,,,,,,,,
CA_4A-30A,,24,26,,,,,,,,,
CA_5A-7A,,24,27,,,,,,,,,
CA_5A-30A,,24,28,,,,,,,,,
CA_7A-20A,,24,29,,,,,,,,,
CA_12A-30A,,24,30,,,,,,,,,
CA_30A-29A,,24,31,,,,,,,,,
CA_1A-3A,,24,32,,,,,,,,,
CA_2A-66A,,24,32,,,,,,,,,
CA_1A-28A,,24,33,,,,,,,,,
CA_5A-66A,,24,33,,,,,,,,,
CA_12A-66A,,24,34,,,,,,,,,
CA_30A-66A,,24,35,,,,,,,,,
CA_7A-28A,,24,36,,,,,,,,,
CA_1A-11A,,24,37,,,,,,,,,
CA_1A-20A,,24,38,,,,,,,,,
CA_1A-32A,,24,39,,,,,,,,,
CA_2A-7A,,24,40,,,,,,,,,
CA_2A-28A,,24,41,,,,,,,,,
CA_2A-71A,,24,42,,,,,,,,,
CA_3A-11A,,24,43,,,,,,,,,
CA_3A-21A,,24,44,,,,,,,,,
CA_3A-28A,,24,45,,,,,,,,,
CA_4A-28A,,24,46,,,,,,,,,
CA_4A-71A,,24,47,,,,,,,,,
CA_5A-25A,,24,48,,,,,,,,,
CA_7A-8A,,24,49,,,,,,,,,
CA_7A-12A,,24,50,,,,,,,,,
CA_7A-32A,,24,51,,,,,,,,,
CA_7A-66A,,24,52,,,,,,,,,
CA_8A-11A,,24,53,,,,,,,,,
CA_8A-32A,,24,54,,,,,,,,,
CA_11A-18A,,24,55,,,,,,,,,
CA_11A-28A,,24,56,,,,,,,,,
CA_12A-25A,,24,57,,,,,,,,,
CA_13A-66A,,24,58,,,,,,,,,
CA_21A-28A,,24,59,,,,,,,,,
CA_25A-26A,,24,60,,,,,,,,,
CA_29A-30A,,24,61,,,,,,,,,
CA_66A-71A,,24,62,,,,,,,,,
CA_1A-21A,,24,1000,,,,,,,,,
CA_2A-14A,,24,1000,,,,,,,,,
CA_3A-32A,,24,1000,,,,,,,,,
CA_5A-12A,,24,1000,,,,,,,,,
CA_5A-13A,,24,1000,,,,,,,,,
CA_5A-17A,,24,1000,,,,,,,,,
CA_5A-29A,,24,1000,,,,,,,,,
CA_14A-30A,,24,1000,,,,,,,,,
CA_14A-66A,,24,1000,,,,,,,,,
CA_18A-28A,,24,1000,,,,,,,,,
CA_19A-21A,,24,1000,,,,,,,,,
CA_19A-28A,,24,1000,,,,,,,,,
CA_20A-32A,,24,1000,,,,,,,,,
CA_29A-66A,,24,1000,,,,,,,,,
CA_4A-4A,,25,1,,,,,,,,,
CA_2A-2A,,25,2,,,,,,,,,
CA_7A-7A,,25,3,,,,,,,,,
CA_25A-25A,,25,4,,,,,,,,,
CA_66A-66A,,25,5,,,,,,,,,
CA_3A-3A,,25,6,,,,,,,,,
CA_1A-1A,,25,7,,,,,,,,,
CA_5A-5A,,25,1000,,,,,,,,,
CA_3C,,26,1,,,,,,,,,
CA_7C,,26,2,,,,,,,,,
CA_66C,,26,3,,,,,,,,,
CA_66B,,26,4,,,,,,,,,
CA_1C,,26,5,,,,,,,,,
CA_2C,,26,6,,,,,,,,,
CA_7B,,26,7,,,,,,,,,
CA_8B,,26,8,,,,,,,,,
CA_12B,,26,9,,,,,,,,,
CA_5B,,26,1000,,,,,,,,,
CA_39A-41A,,27,1,,,,,,,,,
CA_39A-46A,,27,2,,,,,,,,,
CA_40A-46A,,27,3,,,,,,,,,
CA_41A-46A,,27,4,,,,,,,,,
CA_41A-42A,,27,1000,,,,,,,,,
CA_41A-41A,,28,1,,,,,,,,,
CA_40A-40A,,28,2,,,,,,,,,
CA_46A-46A,,28,3,,,,,,,,,
CA_48A-48A,,28,4,,,,,,,,,
CA_41C,,29,1,,,,,,,,,
CA_39C,,29,2,,,,,,,,,
CA_40C,,29,3,,,,,,,,,
CA_38C,,29,4,,,,,,,,,
CA_46C,,29,5,,,,,,,,,
CA_48C,,29,6,,,,,,,,,
CA_42C,,29,1000,,,,,,,,,
CA_1A-38A,,30,1,,,,,,,,,
CA_1A-40A,,30,2,,,,,,,,,
CA_1A-46A,,30,3,,,,,,,,,
CA_2A-46A,,30,4,,,,,,,,,
CA_2A-48A,,30,5,,,,,,,,,
CA_2A-49A,,30,6,,,,,,,,,
CA_3A-46A,,30,7,,,,,,,,,
CA_4A-46A,,30,8,,,,,,,,,
CA_5A-38A,,30,9,,,,,,,,,
CA_5A-40A,,30,10,,,,,,,,,
CA_5A-41A,,30,11,,,,,,,,,
CA_5A-46A,,30,12,,,,,,,,,
CA_5A-48A,,30,13,,,,,,,,,
CA_7A-40A,,30,14,,,,,,,,,
CA_7A-42A,,30,15,,,,,,,,,
CA_7A-46A,,30,16,,,,,,,,,
CA_8A-38A,,30,17,,,,,,,,,
CA_8A-39A,,30,18,,,,,,,,,
CA_8A-40A,,30,19,,,,,,,,,
CA_8A-41A,,30,20,,,,,,,,,
CA_8A-42A,,30,21,,,,,,,,,
CA_8A-46A,,30,22,,,,,,,,,
CA_11A-41A,,30,23,,,,,,,,,
CA_11A-42A,,30,24,,,,,,,,,
CA_11A-46A,,30,25,,,,,,,,,
CA_12A-46A,,30,26,,,,,,,,,
CA_13A-46A,,30,27,,,,,,,,,
CA_13A-48A,,30,28,,,,,,,,,
CA_20A-38A,,30,29,,,,,,,,,
CA_20A-42A,,30,30,,,,,,,,,
CA_20A-46A,,30,31,,,,,,,,,
CA_25A-41A,,30,32,,,,,,,,,
CA_26A-41A,,30,33,,,,,,,,,
CA_28A-40A,,30,34,,,,,,,,,
CA_28A-41A,,30,35,,,,,,,,,
CA_28A-42A,,30,36,,,,,,,,,
CA_32A-38A,,30,37,,,,,,,,,
CA_46A-66A,,30,38,,,,,,,,,
CA_48A-66A,,30,39,,,,,,,,,
CA_1A-41A,,30,1000,,,,,,,,,
CA_1A-42A,,30,1000,,,,,,,,,
CA_3A-38A,,30,1000,,,,,,,,,
CA_3A-40A,,30,1000,,,,,,,,,
CA_3A-41A,,30,1000,,,,,,,,,
CA_3A-42A,,30,1000,,,,,,,,,
CA_19A-42A,,30,1000,,,,,,,,,
CA_21A-42A,,30,1000,,,,,,,,,
CA_2A-4A-12A,,31,1,,,,,,,,,
CA_39A-41C,,31,1,,,,,,,,,
CA_2A-4A-29A,,31,2,,,,,,,,,
CA_39C-41A,,31,2,,,,,,,,,
CA_2A-5A-30A,,31,3,,,,,,,,,
CA_41D,,31,3,,,,,,,,,
CA_2A-12A-30A,,31,4,,,,,,,,,
CA_40D,,31,4,,,,,,,,,
CA_2A-29A-30A,,31,5,,,,,,,,,
CA_4A-5A-30A,,31,6,,,,,,,,,
CA_4A-12A-30A,,31,7,,,,,,,,,
CA_4A-29A-30A,,31,8,,,,,,,,,
CA_4A-4A-5A,,31,9,,,,,,,,,
CA_4A-4A-12A,,31,10,,,,,,,,,
CA_4A-4A-13A,,31,11,,,,,,,,,
CA_1A-3A-5A,,31,12,,,,,,,,,
CA_1A-3A-26A,,31,13,,,,,,,,,
CA_2A-4A-5A,,31,14,,,,,,,,,
CA_2A-4A-13A,,31,15,,,,,,,,,
CA_1A-3A-8A,,31,16,,,,,,,,,
CA_1A-3A-19A,,31,17,,,,,,,,,
CA_1A-3A-20A,,31,18,,,,,,,,,
CA_1A-5A-7A,,31,19,,,,,,,,,
CA_2A-2A-5A,,31,20,,,,,,,,,
CA_2A-2A-13A,,31,21,,,,,,,,,
CA_3A-7A-20A,,31,22,,,,,,,,,
CA_3C-7A,,31,23,,,,,,,,,
CA_1A-3C,,31,28,,,,,,,,,
CA_2A-13A-66A,,31,29,,,,,,,,,
CA_2A-12A-66A,,31,30,,,,,,,,,
CA_2A-66C,,31,31,,,,,,,,,
CA_4A-7A-12A,,31,32,,,,,,,,,
CA_12A-30A-66A,,31,33,,,,,,,,,
CA_2A-5A-66A,,31,34,,,,,,,,,
CA_12A-66C,,31,35,,,,,,,,,
CA_2A-2A-12A,,31,36,,,,,,,,,
CA_2A-2A-30A,,31,37,,,,,,,,,
CA_2A-4A-30A,,31,38,,,,,,,,,
CA_2A-30A-66A,,31,39,,,,,,,,,
CA_3A-7A-28A,,31,40,,,,,,,,,
CA_5A-30A-66A,,31,41,,,,,,,,,
CA_4A-12B,,31,42,,,,,,,,,
CA_7D,,31,43,,,,,,,,,
CA_42D,,31,44,,,,,,,,,
CA_46D,,31,45,,,,,,,,,
CA_48D,,31,46,,,,,,,,,
CA_41A-41C,,31,47,,,,,,,,,
CA_46A-46C,,31,48,,,,,,,,,
CA_48A-48C,,31,49,,,,,,,,,
CA_66A-66B,,31,50,,,,,,,,,
CA_1A-1A-3A,,31,51,,,,,,,,,
CA_1A-1A-5A,,31,52,,,,,,,,,
CA_1A-1A-28A,,31,53,,,,,,,,,
CA_1A-3A-3A,,31,54,,,,,,,,,
CA_1A-7A-7A,,31,55,,,,,,,,,
CA_1A-7C,,31,56,,,,,,,,,
CA_1A-40C,,31,57,,,,,,,,,
CA_1A-46C,,31,58,,,,,,,,,
CA_1C-3A,,31,59,,,,,,,,,
CA_1C-41A,,31,60,,,,,,,,,
CA_2A-2A-29A,,31,61,,,,,,,,,
CA_2A-2A-46A,,31,62,,,,,,,,,
CA_2A-2A-71A,,31,63,,,,,,,,,
CA_2A-5B,,31,64,,,,,,,,,
CA_2A-12B,,31,65,,,,,,,,,
CA_2A-46A-46A,,31,66,,,,,,,,,
CA_2A-46C,,31,67,,,,,,,,,
CA_2A-48A-48A,,31,68,,,,,,,,,
CA_2A-48C,,31,69,,,,,,,,,
CA_2A-66B,,31,70,,,,,,,,,
CA_2C-5A,,31,71,,,,,,,,,
CA_2C-12A,,31,72,,,,,,,,,
CA_2C-29A,,31,73,,,,,,,,,
CA_2C-30A,,31,74,,,,,,,,,
CA_2C-66A,,31,75,,,,,,,,,
CA_3A-3A-5A,,31,76,,,,,,,,,
CA_3A-3A-7A,,31,77,,,,,,,,,
CA_3A-3A-8A,,31,78,,,,,,,,,
CA_3A-3A-28A,,31,79,,,,,,,,,
CA_3A-7A-7A,,31,80,,,,,,,,,
CA_3A-7B,,31,81,,,,,,,,,
CA_3A-7C,,31,82,,,,,,,,,
CA_3A-40A-40A,,31,83,,,,,,,,,
CA_3A-40C,,31,84,,,,,,,,,
CA_3A-41C,,31,85,,,,,,,,,
CA_3A-46A-46A,,31,86,,,,,,,,,
CA_3A-46C,,31,87,,,,,,,,,
CA_3C-5A,,31,88,,,,,,,,,
CA_3C-8A,,31,89,,,,,,,,,
CA_3C-20A,,31,90,,,,,,,,,
CA_3C-28A,,31,91,,,,,,,,,
CA_3C-32A,,31,92,,,,,,,,,
CA_3C-38A,,31,93,,,,,,,,,
CA_3C-40A,,31,94,,,,,,,,,
CA_3C-41A,,31,95,,,,,,,,,
CA_4A-4A-7A,,31,96,,,,,,,,,
CA_4A-4A-29A,,31,97,,,,,,,,,
CA_4A-4A-30A,,31,98,,,,,,,,,
CA_4A-4A-71A,,31,99,,,,,,,,,
CA_4A-46A-46A,,31,100,,,,,,,,,
CA_4A-46C,,31,101,,,,,,,,,
CA_5A-7A-7A,,31,102,,,,,,,,,
CA_5A-7C,,31,103,,,,,,,,,
CA_5A-46C,,31,104,,,,,,,,,
CA_5A-66B,,31,105,,,,,,,,,
CA_5B-30A,,31,106,,,,,,,,,
CA_5B-66A,,31,107,,,,,,,,,
CA_7A-7A-8A,,31,108,,,,,,,,,
CA_7A-40C,,31,109,,,,,,,,,
CA_7A-42C,,31,110,,,,,,,,,
CA_7A-46C,,31,111,,,,,,,,,
CA_7B-28A,,31,112,,,,,,,,,
CA_7C-8A,,31,113,,,,,,,,,
CA_7C-20A,,31,114,,,,,,,,,
CA_7C-28A,,31,115,,,,,,,,,
CA_8A-39C,,31,116,,,,,,,,,
CA_8A-40A-40A,,31,117,,,,,,,,,
CA_8A-41C,,31,118,,,,,,,,,
CA_8A-42C,,31,119,,,,,,,,,
CA_11A-41C,,31,120,,,,,,,,,
CA_11A-42C,,31,121,,,,,,,,,
CA_11A-46C,,31,122,,,,,,,,,
CA_12B-30A,,31,123,,,,,,,,,
CA_13A-46C,,31,124,,,,,,,,,
CA_13A-48C,,31,125,,,,,,,,,
CA_13A-66B,,31,126,,,,,,,,,
CA_20A-46C,,31,127,,,,,,,,,
CA_25A-25A-26A,,31,128,,,,,,,,,
CA_25A-41C,,31,129,,,,,,,,,
CA_26A-41C,,31,130,,,,,,,,,
CA_28A-40C,,31,131,,,,,,,,,
CA_28A-41C,,31,132,,,,,,,,,
CA_28A-42C,,31,133,,,,,,,,,
CA_40A-46C,,31,134,,,,,,,,,
CA_41A-46C,,31,135,,,,,,,,,
CA_46A-46A-66A,,31,136,,,,,,,,,
CA_46A-66A-66A,,31,137,,,,,,,,,
CA_46C-66A,,31,138,,,,,,,,,
CA_48A-48A-66A,,31,139,,,,,,,,,
CA_48A-66A-66A,,31,140,,,,,,,,,
CA_48A-66B,,31,141,,,,,,,,,
CA_48A-66C,,31,142,,,,,,,,,
CA_48C-66A,,31,143,,,,,,,,,
CA_66A-66A-71A,,31,144,,,,,,,,,
CA_66C-71A,,31,145,,,,,,,,,
CA_1A-3A-7A,,31,146,,,,,,,,,
CA_1A-3A-11A,,31,147,,,,,,,,,
CA_1A-3A-21A,,31,148,,,,,,,,,
CA_1A-3A-28A,,31,149,,,,,,,,,
CA_1A-3A-32A,,31,150,,,,,,,,,
CA_1A-3A-38A,,31,151,,,,,,,,,
CA_1A-3A-40A,,31,152,,,,,,,,,
CA_1A-3A-42A,,31,153,,,,,,,,,
CA_1A-3A-46A,,31,154,,,,,,,,,
CA_1A-5A-40A,,31,155,,,,,,,,,
CA_1A-7A-8A,,31,156,,,,,,,,,
CA_1A-7A-20A,,31,157,,,,,,,,,
CA_1A-7A-28A,,31,158,,,,,,,,,
CA_1A-7A-32A,,31,159,,,,,,,,,
CA_1A-7A-40A,,31,160,,,,,,,,,
CA_1A-7A-42A,,31,161,,,,,,,,,
CA_1A-7A-46A,,31,162,,,,,,,,,
CA_1A-8A-11A,,31,163,,,,,,,,,
CA_1A-8A-40A,,31,164,,,,,,,,,
CA_1A-11A-18A,,31,165,,,,,,,,,
CA_1A-19A-42A,,31,166,,,,,,,,,
CA_1A-20A-32A,,31,167,,,,,,,,,
CA_1A-20A-42A,,31,168,,,,,,,,,
CA_1A-21A-28A,,31,169,,,,,,,,,
CA_1A-21A-42A,,31,170,,,,,,,,,
CA_1A-28A-42A,,31,171,,,,,,,,,
CA_1A-41A-42A,,31,172,,,,,,,,,
CA_2A-4A-71A,,31,173,,,,,,,,,
CA_2A-5A-46A,,31,174,,,,,,,,,
CA_2A-7A-66A,,31,175,,,,,,,,,
CA_2A-12A-46A,,31,176,,,,,,,,,
CA_2A-13A-46A,,31,177,,,,,,,,,
CA_2A-29A-66A,,31,178,,,,,,,,,
CA_2A-46A-66A,,31,179,,,,,,,,,
CA_2A-48A-66A,,31,180,,,,,,,,,
CA_2A-66A-71A,,31,181,,,,,,,,,
CA_3A-5A-7A,,31,182,,,,,,,,,
CA_3A-5A-38A,,31,183,,,,,,,,,
CA_3A-5A-40A,,31,184,,,,,,,,,
CA_3A-7A-8A,,31,185,,,,,,,,,
CA_3A-7A-32A,,31,186,,,,,,,,,
CA_3A-7A-38A,,31,187,,,,,,,,,
CA_3A-7A-40A,,31,188,,,,,,,,,
CA_3A-7A-42A,,31,189,,,,,,,,,
CA_3A-7A-46A,,31,190,,,,,,,,,
CA_3A-8A-11A,,31,191,,,,,,,,,
CA_3A-8A-32A,,31,192,,,,,,,,,
CA_3A-8A-38A,,31,193,,,,,,,,,
CA_3A-8A-40A,,31,194,,,,,,,,,
CA_3A-8A-46A,,31,195,,,,,,,,,
CA_3A-19A-21A,,31,196,,,,,,,,,
CA_3A-19A-42A,,31,197,,,,,,,,,
CA_3A-20A-38A,,31,198,,,,,,,,,
CA_3A-20A-42A,,31,199,,,,,,,,,
CA_3A-20A-46A,,31,200,,,,,,,,,
CA_3A-21A-28A,,31,201,,,,,,,,,
CA_3A-21A-42A,,31,202,,,,,,,,,
CA_3A-28A-40A,,31,203,,,,,,,,,
CA_3A-28A-41A,,31,204,,,,,,,,,
CA_3A-28A-42A,,31,205,,,,,,,,,
CA_3A-32A-38A,,31,206,,,,,,,,,
CA_3A-41A-42A,,31,207,,,,,,,,,
CA_4A-12A-46A,,31,208,,,,,,,,,
CA_5A-46A-66A,,31,209,,,,,,,,,
CA_7A-8A-46A,,31,210,,,,,,,,,
CA_7A-20A-32A,,31,211,,,,,,,,,
CA_7A-20A-38A,,31,212,,,,,,,,,
CA_7A-20A-42A,,31,213,,,,,,,,,
CA_7A-20A-46A,,31,214,,,,,,,,,
CA_13A-46A-66A,,31,215,,,,,,,,,
CA_13A-48A-66A,,31,216,,,,,,,,,
CA_19A-21A-42A,,31,217,,,,,,,,,
CA_20A-32A-38A,,31,218,,,,,,,,,
CA_21A-28A-42A,,31,219,,,,,,,,,
CA_28A-41A-42A,,31,220,,,,,,,,,
CA_1A-3A-41A,,31,1000,,,,,,,,,
CA_1A-18A-28A,,31,1000,,,,,,,,,
CA_1A-19A-21A,,31,1000,,,,,,,,,
CA_1A-19A-28A,,31,1000,,,,,,,,,
CA_1A-41C,,31,1000,,,,,,,,,
CA_1A-42C,,31,1000,,,,,,,,,
CA_2A-2A-4A,,31,1000,,,,,,,,,
CA_2A-2A-14A,,31,1000,,,,,,,,,
CA_2A-2A-66A,,31,1000,,,,,,,,,
CA_2A-4A-4A,,31,1000,,,,,,,,,
CA_2A-4A-7A,,31,1000,,,,,,,,,
CA_2A-5A-29A,,31,1000,,,,,,,,,
CA_2A-7A-7A,,31,1000,,,,,,,,,
CA_2A-7A-12A,,31,1000,,,,,,,,,
CA_2A-7C,,31,1000,,,,,,,,,
CA_2A-14A-30A,,31,1000,,,,,,,,,
CA_2A-14A-66A,,31,1000,,,,,,,,,
CA_2A-66A-66A,,31,1000,,,,,,,,,
CA_3A-20A-32A,,31,1000,,,,,,,,,
CA_3A-42C,,31,1000,,,,,,,,,
CA_4A-5A-29A,,31,1000,,,,,,,,,
CA_4A-7A-13A,,31,1000,,,,,,,,,
CA_4A-7A-7A,,31,1000,,,,,,,,,
CA_4A-7C,,31,1000,,,,,,,,,
CA_14A-30A-66A,,31,1000,,,,,,,,,
CA_14A-66A-66A,,31,1000,,,,,,,,,
CA_5A-5A-66A,,31,1000,,,,,,,,,
CA_5A-66A-66A,,31,1000,,,,,,,,,
CA_5A-66C,,31,1000,,,,,,,,,
CA_7A-13A-66A,,31,1000,,,,,,,,,
CA_7A-66A-66A,,31,1000,,,,,,,,,
CA_12A-29A-66A,,31,1000,,,,,,,,,
CA_12A-66A-66A,,31,1000,,,,,,,,,
CA_13A-66A-66A,,31,1000,,,,,,,,,
CA_13A-66C,,31,1000,,,,,,,,,
CA_19A-42C,,31,1000,,,,,,,,,
CA_21A-42C,,31,1000,,,,,,,,,
CA_29A-30A-66A,,31,1000,,,,,,,,,
CA_29A-66A-66A,,31,1000,,,,,,,,,
CA_29A-66C,,31,1000,,,,,,,,,
CA_30A-66A-66A,,31,1000,,,,,,,,,
CA_66A-66A-66A,,31,1000,,,,,,,,,
CA_66A-66C,,31,1000,,,,,,,,,
CA_66D,,31,1000,,,,,,,,,
CA_41A-42C,,31,1000,,,,,,,,,
CA_41C-42A,,31,1000,,,,,,,,,
CA_2A-4A-12A-30A,,33,2,,,,,,,,,
CA_2A-4A-29A-30A,,33,3,,,,,,,,,
CA_2C-5A-30A,,33,4,,,,,,,,,
CA_2C-12A-30A,,33,5,,,,,,,,,
CA_4A-4A-5A-30A,,33,6,,,,,,,,,
CA_4A-4A-12A-30A,,33,7,,,,,,,,,
CA_4A-4A-29A-30A,,33,8,,,,,,,,,
CA_2A-12A-30A-66A,,33,9,,,,,,,,,
CA_2A-5A-30A-66A,,33,10,,,,,,,,,
CA_2A-2A-12A-30A,,33,11,,,,,,,,,
CA_2A-2A-5A-30A,,33,12,,,,,,,,,
CA_2A-2A-29A-30A,,33,13,,,,,,,,,
CA_2C-29A-30A,,33,14,,,,,,,,,
CA_2A-4A-5A-30A,,33,15,,,,,,,,,
CA_40E,,33,16,,,,,,,,,
CA_41E,,33,17,,,,,,,,,
CA_42E,,33,18,,,,,,,,,
CA_46E,,33,19,,,,,,,,,
CA_41A-41D,,33,20,,,,,,,,,
CA_41C-41C,,33,21,,,,,,,,,
CA_46A-46D,,33,22,,,,,,,,,
CA_1A-1A-3C,,33,23,,,,,,,,,
CA_1A-46D,,33,24,,,,,,,,,
CA_1C-3C,,33,25,,,,,,,,,
CA_2A-2A-12B,,33,26,,,,,,,,,
CA_2A-2A-46C,,33,27,,,,,,,,,
CA_2A-2A-66B,,33,28,,,,,,,,,
CA_2A-2A-66C,,33,29,,,,,,,,,
CA_2A-46A-46C,,33,30,,,,,,,,,
CA_2A-46D,,33,31,,,,,,,,,
CA_2A-66A-66B,,33,32,,,,,,,,,
CA_2A-66A-66C,,33,33,,,,,,,,,
CA_2A-66D,,33,34,,,,,,,,,
CA_2C-66A-66A,,33,35,,,,,,,,,
CA_3A-3A-7A-7A,,33,37,,,,,,,,,
CA_3A-3A-7C,,33,38,,,,,,,,,
CA_3A-7D,,33,39,,,,,,,,,
CA_3A-40D,,33,40,,,,,,,,,
CA_3A-41D,,33,41,,,,,,,,,
CA_3A-46A-46C,,33,42,,,,,,,,,
CA_3A-46D,,33,43,,,,,,,,,
CA_3C-7C,,33,44,,,,,,,,,
CA_3C-40C,,33,45,,,,,,,,,
CA_3C-41C,,33,46,,,,,,,,,
CA_4A-4A-12B,,33,47,,,,,,,,,
CA_4A-46A-46C,,33,48,,,,,,,,,
CA_4A-46D,,33,49,,,,,,,,,
CA_5A-46D,,33,50,,,,,,,,,
CA_5A-66A-66B,,33,51,,,,,,,,,
CA_5A-66A-66C,,33,52,,,,,,,,,
CA_5A-66D,,33,53,,,,,,,,,
CA_7A-40D,,33,54,,,,,,,,,
CA_7A-46D,,33,55,,,,,,,,,
CA_8A-41D,,33,56,,,,,,,,,
CA_11A-46D,,33,57,,,,,,,,,
CA_13A-46D,,33,58,,,,,,,,,
CA_13A-66A-66B,,33,59,,,,,,,,,
CA_13A-66A-66C,,33,60,,,,,,,,,
CA_13A-66D,,33,61,,,,,,,,,
CA_25A-41D,,33,62,,,,,,,,,
CA_26A-41D,,33,63,,,,,,,,,
CA_28A-40D,,33,64,,,,,,,,,
CA_39A-41D,,33,65,,,,,,,,,
CA_39C-41C,,33,66,,,,,,,,,
CA_40A-46D,,33,67,,,,,,,,,
CA_41A-42D,,33,68,,,,,,,,,
CA_41A-46D,,33,69,,,,,,,,,
CA_41C-42C,,33,70,,,,,,,,,
CA_46A-46C-66A,,33,71,,,,,,,,,
CA_46C-66A-66A,,33,72,,,,,,,,,
CA_46D-66A,,33,73,,,,,,,,,
CA_48A-48A-66A-66A,,33,75,,,,,,,,,
CA_48A-48A-66B,,33,76,,,,,,,,,
CA_48A-48A-66C,,33,77,,,,,,,,,
CA_48A-48C-66A,,33,78,,,,,,,,,
CA_48C-66B,,33,79,,,,,,,,,
CA_48C-66C,,33,80,,,,,,,,,
CA_1A-1A-3A-5A,,33,81,,,,,,,,,
CA_1A-1A-3A-28A,,33,82,,,,,,,,,
CA_1A-3A-3A-7A,,33,85,,,,,,,,,
CA_1A-3A-3A-28A,,33,86,,,,,,,,,
CA_1A-3A-7A-7A,,33,89,,,,,,,,,
CA_1A-3A-7C,,33,90,,,,,,,,,
CA_1A-3A-40C,,33,91,,,,,,,,,
CA_1A-3A-42C,,33,92,,,,,,,,,
CA_1A-3A-46C,,33,93,,,,,,,,,
CA_1A-3C-5A,,33,94,,,,,,,,,
CA_1A-3C-7A,,33,95,,,,,,,,,
CA_1A-3C-8A,,33,96,,,,,,,,,
CA_1A-3C-28A,,33,97,,,,,,,,,
CA_1A-3C-41A,,33,98,,,,,,,,,
CA_1A-5A-7A-7A,,33,99,,,,,,,,,
CA_1A-7A-40C,,33,100,,,,,,,,,
CA_1A-7A-46C,,33,101,,,,,,,,,
CA_1A-7C-28A,,33,102,,,,,,,,,
CA_1A-19A-42C,,33,103,,,,,,,,,
CA_1A-21A-42C,,33,104,,,,,,,,,
CA_1A-28A-42C,,33,105,,,,,,,,,
CA_1A-41A-42C,,33,106,,,,,,,,,
CA_1A-41C-42A,,33,107,,,,,,,,,
CA_1C-3A-41A,,33,108,,,,,,,,,
CA_2A-2A-4A-5A,,33,109,,,,,,,,,
CA_2A-2A-4A-71A,,33,110,,,,,,,,,
CA_2A-2A-13A-66A,,33,111,,,,,,,,,
CA_2A-2A-14A-30A,,33,112,,,,,,,,,
CA_2A-2A-29A-66A,,33,113,,,,,,,,,
CA_2A-2A-30A-66A,,33,116,,,,,,,,,
CA_2A-2A-66A-71A,,33,117,,,,,,,,,
CA_2A-4A-4A-5A,,33,118,,,,,,,,,
CA_2A-4A-4A-71A,,33,119,,,,,,,,,
CA_2A-4A-12B,,33,120,,,,,,,,,
CA_2A-5A-46C,,33,121,,,,,,,,,
CA_2A-5A-66B,,33,122,,,,,,,,,
CA_2A-5A-66C,,33,123,,,,,,,,,
CA_2A-12A-66C,,33,124,,,,,,,,,
CA_2A-12B-30A,,33,125,,,,,,,,,
CA_2A-13A-46C,,33,126,,,,,,,,,
CA_2A-13A-66A-66A,,33,127,,,,,,,,,
CA_2A-13A-66B,,33,128,,,,,,,,,
CA_2A-13A-66C,,33,129,,,,,,,,,
CA_2A-29A-66A-66A,,33,130,,,,,,,,,
CA_2A-30A-66A-66A,,33,133,,,,,,,,,
CA_2A-46A-46A-66A,,33,134,,,,,,,,,
CA_2A-46C-66A,,33,135,,,,,,,,,
CA_2A-66A-66A-71A,,33,136,,,,,,,,,
CA_2A-66C-71A,,33,137,,,,,,,,,
CA_2C-12A-66A,,33,138,,,,,,,,,
CA_2C-29A-66A,,33,139,,,,,,,,,
CA_3A-3A-5A-7A,,33,140,,,,,,,,,
CA_3A-3A-7A-8A,,33,141,,,,,,,,,
CA_3A-3A-7A-28A,,33,142,,,,,,,,,
CA_3A-5A-7A-7A,,33,143,,,,,,,,,
CA_3A-5A-7C,,33,144,,,,,,,,,
CA_3A-7A-7A-8A,,33,145,,,,,,,,,
CA_3A-7A-40C,,33,146,,,,,,,,,
CA_3A-7A-46C,,33,147,,,,,,,,,
CA_3A-7C-8A,,33,148,,,,,,,,,
CA_3A-7C-20A,,33,149,,,,,,,,,
CA_3A-7C-28A,,33,150,,,,,,,,,
CA_3A-19A-42C,,33,151,,,,,,,,,
CA_3A-21A-42C,,33,152,,,,,,,,,
CA_3A-28A-40C,,33,153,,,,,,,,,
CA_3A-28A-41C,,33,154,,,,,,,,,
CA_3A-28A-42C,,33,155,,,,,,,,,
CA_3A-41A-42C,,33,156,,,,,,,,,
CA_3A-41C-42A,,33,157,,,,,,,,,
CA_3C-7A-20A,,33,158,,,,,,,,,
CA_3C-7A-28A,,33,159,,,,,,,,,
CA_3C-7A-32A,,33,160,,,,,,,,,
CA_3C-7A-38A,,33,161,,,,,,,,,
CA_3C-20A-32A,,33,162,,,,,,,,,
CA_3C-20A-38A,,33,163,,,,,,,,,
CA_5A-46C-66A,,33,164,,,,,,,,,
CA_7A-20A-46C,,33,165,,,,,,,,,
CA_13A-46C-66A,,33,166,,,,,,,,,
CA_13A-48A-66B,,33,167,,,,,,,,,
CA_13A-48A-66C,,33,168,,,,,,,,,
CA_13A-48C-66A,,33,169,,,,,,,,,
CA_19A-21A-42C,,33,170,,,,,,,,,
CA_21A-28A-42C,,33,171,,,,,,,,,
CA_28A-41A-42C,,33,172,,,,,,,,,
CA_28A-41C-42A,,33,173,,,,,,,,,
CA_1A-3A-5A-7A,,33,174,,,,,,,,,
CA_1A-3A-5A-40A,,33,175,,,,,,,,,
CA_1A-3A-7A-8A,,33,176,,,,,,,,,
CA_1A-3A-7A-20A,,33,177,,,,,,,,,
CA_1A-3A-7A-28A,,33,178,,,,,,,,,
CA_1A-3A-7A-40A,,33,182,,,,,,,,,
CA_1A-3A-7A-42A,,33,186,,,,,,,,,
CA_1A-3A-8A-11A,,33,187,,,,,,,,,
CA_1A-3A-19A-21A,,33,188,,,,,,,,,
CA_1A-3A-19A-42A,,33,189,,,,,,,,,
CA_1A-3A-20A-32A,,33,190,,,,,,,,,
CA_1A-3A-20A-42A,,33,191,,,,,,,,,
CA_1A-3A-21A-28A,,33,192,,,,,,,,,
CA_1A-3A-21A-42A,,33,193,,,,,,,,,
CA_1A-3A-28A-42A,,33,194,,,,,,,,,
CA_1A-7A-20A-32A,,33,195,,,,,,,,,
CA_1A-7A-20A-42A,,33,196,,,,,,,,,
CA_1A-19A-21A-42A,,33,197,,,,,,,,,
CA_1A-21A-28A-42A,,33,198,,,,,,,,,
CA_3A-7A-20A-32A,,33,199,,,,,,,,,
CA_3A-7A-20A-38A,,33,200,,,,,,,,,
CA_3A-7A-20A-42A,,33,201,,,,,,,,,
CA_3A-7A-32A-38A,,33,202,,,,,,,,,
CA_3A-20A-32A-38A,,33,203,,,,,,,,,
CA_3A-28A-41A-42A,,33,204,,,,,,,,,
CA_7A-20A-32A-38A,,33,205,,,,,,,,,
CA_2A-2A-4A-4A,,33,1000,,,,,,,,,
CA_2A-2A-4A-12A,,33,1000,,,,,,,,,
CA_2A-2A-5A-66A,,33,1000,,,,,,,,,
CA_2A-2A-7A-66A,,33,1000,,,,,,,,,
CA_2A-2A-12A-66A,,33,1000,,,,,,,,,
CA_2A-2A-14A-66A,,33,1000,,,,,,,,,
CA_2A-2A-66A-66A,,33,1000,,,,,,,,,
CA_2A-4A-4A-12A,,33,1000,,,,,,,,,
CA_2A-4A-7A-7A,,33,1000,,,,,,,,,
CA_2A-4A-7A-12A,,33,1000,,,,,,,,,
CA_2A-5A-66A-66A,,33,1000,,,,,,,,,
CA_2A-5B-30A,,33,1000,,,,,,,,,
CA_2A-5B-66A,,33,1000,,,,,,,,,
CA_2A-12A-66A-66A,,33,1000,,,,,,,,,
CA_2A-14A-30A-66A,,33,1000,,,,,,,,,
CA_2A-14A-66A-66A,,33,1000,,,,,,,,,
CA_2A-29A-30A-66A,,33,1000,,,,,,,,,
CA_2C-5A-12A,,33,1000,,,,,,,,,
CA_4A-4A-7A-13A,,33,1000,,,,,,,,,
CA_5A-30A-66A-66A,,33,1000,,,,,,,,,
CA_5B-30A-66A,,33,1000,,,,,,,,,
CA_5B-66A-66A,,33,1000,,,,,,,,,
CA_7A-13A-66A-66A,,33,1000,,,,,,,,,
CA_12A-30A-66A-66A,,33,1000,,,,,,,,,
CA_13A-66A-66A-66A,,33,1000,,,,,,,,,
CA_14A-30A-66A-66A,,33,1000,,,,,,,,,
CA_29A-30A-66A-66A,,33,1000,,,,,,,,,
CA_41C-41D,,34,1,,,,,,,,,
CA_1A-46E,,34,2,,,,,,,,,
CA_2A-2A-46D,,34,3,,,,,,,,,
CA_2A-2A-66A-66B,,34,5,,,,,,,,,
CA_2A-2A-66A-66C,,34,7,,,,,,,,,
CA_2A-46A-46D,,34,8,,,,,,,,,
CA_2A-46E,,34,9,,,,,,,,,
CA_3A-40E,,34,11,,,,,,,,,
CA_3A-46E,,34,12,,,,,,,,,
CA_3C-7D,,34,15,,,,,,,,,
CA_3C-41D,,34,18,,,,,,,,,
CA_4A-46A-46D,,34,19,,,,,,,,,
CA_4A-46E,,34,20,,,,,,,,,
CA_5A-46E,,34,21,,,,,,,,,
CA_7A-46E,,34,22,,,,,,,,,
CA_7C-46D,,34,23,,,,,,,,,
CA_11A-46E,,34,24,,,,,,,,,
CA_13A-46E,,34,25,,,,,,,,,
CA_39C-41D,,34,27,,,,,,,,,
CA_41A-46E,,34,28,,,,,,,,,
CA_46A-46D-66A,,34,29,,,,,,,,,
CA_46D-66A-66A,,34,30,,,,,,,,,
CA_46D-66C,,34,31,,,,,,,,,
CA_46E-66A,,34,32,,,,,,,,,
CA_48A-48C-66B,,34,37,,,,,,,,,
CA_48A-48C-66C,,34,42,,,,,,,,,
CA_1A-3A-3A-7A-7A,,34,47,,,,,,,,,
CA_1A-3C-7C,,34,52,,,,,,,,,
CA_1A-7A-46D,,34,53,,,,,,,,,
CA_1A-41C-42C,,34,57,,,,,,,,,
CA_1C-3C-41A,,34,62,,,,,,,,,
CA_2A-2A-5A-66A-66A,,34,65,,,,,,,,,
CA_2A-2A-5A-66B,,34,67,,,,,,,,,
CA_2A-2A-5A-66C,,34,70,,,,,,,,,
CA_2A-2A-12A-66A-66A,,34,73,,,,,,,,,
CA_2A-2A-12A-66C,,34,75,,,,,,,,,
CA_2A-2A-12B-30A,,34,76,,,,,,,,,
CA_2A-2A-13A-66B,,34,78,,,,,,,,,
CA_2A-2A-13A-66C,,34,80,,,,,,,,,
CA_2A-2A-14A-66A-66A,,34,83,,,,,,,,,
CA_2A-2A-29A-66A-66A,,34,86,,,,,,,,,
CA_2A-5A-46D,,34,87,,,,,,,,,
CA_2A-5B-66A-66A,,34,88,,,,,,,,,
CA_2A-13A-46D,,34,89,,,,,,,,,
CA_2A-46A-46C-66A,,34,90,,,,,,,,,
CA_2A-46D-66A,,34,91,,,,,,,,,
CA_3A-3A-7A-7A-8A,,34,94,,,,,,,,,
CA_3A-7A-46D,,34,95,,,,,,,,,
CA_3A-28A-40D,,34,98,,,,,,,,,
CA_3A-41C-42C,,34,102,,,,,,,,,
CA_3C-7C-28A,,34,104,,,,,,,,,
CA_5A-46D-66A,,34,105,,,,,,,,,
CA_5B-30A-66A-66A,,34,106,,,,,,,,,
CA_13A-46D-66A,,34,107,,,,,,,,,
CA_13A-48C-66B,,34,109,,,,,,,,,
CA_13A-48C-66C,,34,111,,,,,,,,,
CA_28A-41C-42C,,34,113,,,,,,,,,
CA_1A-3A-5A-7A-7A,,34,117,,,,,,,,,
CA_1A-3A-7A-40C,,34,124,,,,,,,,,
CA_1A-3A-7C-28A,,34,127,,,,,,,,,
CA_1A-3A-19A-42C,,34,130,,,,,,,,,
CA_1A-3A-21A-42C,,34,131,,,,,,,,,
CA_1A-3A-28A-42C,,34,134,,,,,,,,,
CA_1A-19A-21A-42C,,34,135,,,,,,,,,
CA_1A-21A-28A-42C,,34,136,,,,,,,,,
CA_2A-2A-5A-30A-66A,,34,140,,,,,,,,,
CA_2A-2A-12A-30A-66A,,34,144,,,,,,,,,
CA_2A-2A-14A-30A-66A,,34,148,,,,,,,,,
CA_2A-2A-29A-30A-66A,,34,152,,,,,,,,,
CA_2A-5A-30A-66A-66A,,34,155,,,,,,,,,
CA_2A-5B-30A-66A,,34,156,,,,,,,,,
CA_2A-12A-30A-66A-66A,,34,160,,,,,,,,,
CA_2A-14A-30A-66A-66A,,34,164,,,,,,,,,
CA_2A-29A-30A-66A-66A,,34,168,,,,,,,,,
CA_3A-28A-41A-42C,,34,171,,,,,,,,,
CA_3A-28A-41C-42A,,34,174,,,,,,,,,
CA_3C-7A-20A-32A,,34,175,,,,,,,,,
CA_3C-7A-20A-38A,,34,178,,,,,,,,,
CA_1A-3A-7A-20A-42A,,34,184,,,,,,,,,
CA_3A-7A-20A-32A-38A,,34,185,,,,,,,,,
